{"version":2,"languages":{"nodejs-npm":{"specfileHash":"fcc60787c79c891ade3662ab970c1276","lockfileHash":"f41eabaa19faa7efa3fde2ec4e2280eb","guessedImports":["react","react-dom","@vitejs/plugin-react-refresh"],"guessedImportsHash":"d9612f5ad6d8d22b73d88a10adfffd14"},"nodejs-yarn":{"specfileHash":"36fe129750f9b571f62775768dfd2747","lockfileHash":"8cd20b0f91e5e007eadff22a3178e342","guessedImports":["@vitejs/plugin-react-refresh","react","react-dom"],"guessedImportsHash":"24f6f3418ae857900ebf7b7e00dc4a7b"}}}
